{
    "USD_INR": 83.2,
    "USD_JPY": 150.0,
    "JPY_INR": 0.63,
    "INR_USD": 0.01202,
    "JPY_USD": 0.00667,
    "INR_JPY": 1.74
}
